{
	"server": {
		"id": "Example9",
		"prefix": "",
		"contact": "rweigel@gmu.edu",
		"landing": "",
		"catalog-update": null
	},
	"data": {
		"url": "http://hapi-server.org/servers/TestData2.0/hapi/data?id=${id}&parameters=${parameters}&time.min=${start}&time.max=${stop}",
		"urlformat": "csv",
		"contact": "rweigel@gmu.edu",
		"testurls": [
			{"url": "data/?id=dataset1&parameters=scalar,vector&time.min=1970-01-01T00:00:00Z&time.max=1970-01-01T00:00:10Z", "Nbytes": 1003, "Nlines": 10}
		]
	},
	"catalog_url": "http://hapi-server.org/servers/TestData2.0/hapi/catalog"
}