{
	"server": {
		"id": "Example8",
		"prefix": "",
		"contact": "rweigel@gmu.edu",
		"landing": "",
		"catalog-update": null
	},
	"data": {
		"file": "$HAPISERVERPATH/public/data/Example/Example.csv",
		"fileformat": "csv",
		"contact": "rweigel@gmu.edu",
		"testurls": [
			{"url": "data/?id=dataset1&parameters=vector&time.min=1970-01-01T00:00:00Z&time.max=1970-01-01T00:10:00Z", "Nbytes": 4190, "Nlines": 50},
			{"url": "data/?id=dataset1&parameters=vector&time.min=1970-01-01T00:00:50Z&time.max=1970-01-01T00:01:00Z", "Nbytes": 834, "Nlines": 10}
		]
	},
	"catalog_inline":
		[
			{
				"id": "dataset1",
				"title": "Documentation Example",
				"info": 
						{
							"startDate": "1970-01-01Z",
							"stopDate" : "1970-01-01T01:00:00Z",
							"sampleStartDate": "1970-01-01Z",
							"sampleStopDate" : "1970-01-01T00:10:00Z",
							"cadence": "PT1S",
							"parameters":
								[
									{ 
										"name": "Time",
										"type": "isotime",
										"units": "UTC",
										"fill": null,
										"length": 20
									},
									{ 
										"name": "scalar",
										"type": "double",
										"units": "m",
										"fill": "-1e31",
										"description": "Minutes since 1970-01-01"
									},
									{ 
										"name": "vector",
										"type": "double",
										"units": "m",
										"fill": "-1e31",
										"size": [3],
										"description": "Minutes since 1970-01-01 + i, where i is vector index component 1,2, or 3."
									}
								]
						}				
			}
		]
}
