{
	"server": {
		"id": "Example1",
		"prefix": "",
		"contact": "rweigel@gmu.edu",
		"landing": "",
		"catalog-update": null
	},
	"data": {
		"command": "\"$PYTHONEXE\" \"$HAPISERVERPATH/bin/Example.py\" --start ${start} --stop ${stop}",
		"contact": "rweigel@gmu.edu",
		"testcommands": [
			{
				"command": "\"$PYTHONEXE\" \"$HAPISERVERPATH/bin/Example.py\" --params scalar --start 1970-01-01T00:00:00.000000000Z --stop 1970-01-01T00:10:00.000000000Z",
				"Nlines": 10
			}
		],
		"testurls": [
			{"url": "data/?id=dataset1&parameters=vector&time.min=1970-01-01T00:00Z&time.max=1970-01-01T00:10Z", "Nlines": 10},
			{"url": "data/?id=dataset1&parameters=vector&time.min=1970-12-31T23:50Z&time.max=1971-01-01Z", "Nlines": 10}
		]
	},
	"catalog_inline" :
		[
			{
				"id": "dataset1",
				"title": "Documentation Example",
				"info": 
						{
							"startDate": "1970-01-01Z",
							"stopDate" : "1971-01-01Z",
							"sampleStartDate": "1970-01-01Z",
							"sampleStopDate" : "1970-01-01T00:10Z",
							"cadence": "PT1M",
							"parameters":
								[
									{ 
										"name": "Time",
										"type": "isotime",
										"units": "UTC",
										"fill": null,
										"length": 20
									},
									{ 
										"name": "scalar",
										"type": "double",
										"units": "m",
										"fill": "-1e31",
										"description": "Minutes since 1970-01-01"
									},
									{ 
										"name": "vector",
										"type": "double",
										"units": "m",
										"fill": "-1e31",
										"size": [3],
										"description": "Minutes since 1970-01-01 + i, where i is vector index component 1,2, or 3."
									}
								]
						}				
			}
		]
}
