{
	"server": {
		"id": "INTERMAGNET",
		"prefix": "",
		"contact": "rweigel@gmu.edu",
		"landingPath": "$HAPISERVERPATH/metadata/INTERMAGNET/html/",
		"catalog-update": null
	},
	"data": {
		"command": "python3 \"$HAPISERVERPATH/bin/INTERMAGNET.py\" --id ${id} --start ${start} --stop ${stop}",
		"contact": "rweigel@gmu.edu",
		"testurls": [
			{"url": "data?id=minute/definitive/ams&parameters=X&time.min=1991-01-01Z&time.max=1991-01-01T00:10:00.000Z", "Nlines": 10}
		]
	},
	"catalog_url": "http://mag.gmu.edu/git-data/server-nodejs/metadata/INTERMAGNET/meta/INTERMAGNET-catalog.json"
}
