{
	"server": {
		"id": "SSCWeb",
		"prefix": "",
		"contact": "rweigel@gmu.edu",
		"landing": "",
		"catalog-update": 86400,
		"verify": "ace"
	},
    "data": {
        "command": "$NODEEXE \"$HAPISERVERPATH/bin/SSCWeb.js\" --id ${id} --parameters ${parameters} --start ${start} --stop ${stop}",
        "formats": ["csv"],
        "contact": "rweigel@gmu.edu",
        "test": "\"$NODEEXE\" \"$HAPISERVERPATH/bin/SSCWeb.js\" --id ace --parameters Time --start 2000-01-01T00:00:00.000Z --stop 2000-01-01T23:59:59.000Z"
    },
    "catalog_command": "cd \"$HAPISERVERPATH/metadata/SSCWeb\" && \"$NODEEXE\" SSCWeb2HAPI.js  "$HAPIMETADATA""
}