{
    "data": {
        "command": "$NODEEXE $HAPISERVERPATH/bin/SuperMAG.js --id ${id} --start ${start} --stop ${stop}",
        "formats": ["csv"],
        "contact": "rweigel@gmu.edu",
        "testcommands": 
        	[
        		{"command":"$NODEEXE \"$HAPISERVERPATH/bin/SuperMAG.js\" --id ABK --parameters Time,B_N --start 2000-01-01T00:00:00.000Z --stop 2000-01-01T23:59:59.000Z"}
        	],
		"testurls":
			[
				{"url": "data/?id=ABK&parameters=Time,B_N&time.min=2001-01-01T00:00:00Z&time.max=2001-01-02Z", "Nlines": 1440}
			]
    },
    "catalog_file": "$HAPISERVERPATH/metadata/SuperMAG/SuperMAG-catalog.json"
}